Idade,Salario_anual,Situacao_prop,Tempo_trabalho,Motivo_emprest,Pont_emprest,Total_emprest,Tx_juros,Possib_inadimp,Renda_pecentual,Periodo,Inadimplente
NULL,41160,Rent,2,Debtconsolidation,A,6500,13.57,0,NULL,2,Y
22,29000,Mortgage,5,Debtconsolidation,B,9000,NULL,1,0.31,4,N
31,19968,Rent,1,Education,B,2500,9.62,1,0.13,6,N
29,73000,Rent,1,Homeimprovement,B,5000,12.42,0,NULL,11,
29,42000,Rent,4,Venture,G,1600,19.16,0,0.04,6,Y
21,45000,Rent,3,Personal,A,7200,9.38,0,0.16,4,N
22,72000,Own,1,Venture,B,15000,10.25,0,0.21,4,N
23,30000,Rent,2,Medical,A,6400,NULL,0,0.21,3,N
29,NULL,Mortgage,13,Personal,,15000,15.58,1,0.19,4,Y
24,81600,Rent,5,Venture,C,8000,12.84,0,0.1,2,Y
23,20000,Rent,6,Personal,C,4000,12.23,0,0.2,2,Y
23,37460,Mortgage,2,Education,C,7125,13.99,0,0.19,4,N
22,NULL,Rent,1,,C,25000,15.27,0,0.3,3,Y
38,40000,Rent,19,Venture,B,12000,10.59,0,0.3,11,N
26,48000,Mortgage,10,Education,A,10000,7.74,0,0.21,2,N
22,110000,Rent,6,Medical,A,6400,9.32,0,0.06,4,N
30,50000,Rent,3,Personal,C,10000,13.22,0,0.2,7,N
24,8400,Rent,NULL,Education,C,1500,13.99,1,0.18,4,N
25,110000,Mortgage,5,Venture,C,1200,13.49,0,0.01,4,N
49,70872,Mortgage,4,Debtconsolidation,D,15000,14.84,1,0.21,11,N
21,NULL,Rent,1,,A,25000,16.07,0,0.19,3,Y
41,24000,Rent,24,Personal,A,2000,7.75,1,0.08,17,N
49,23004,Rent,6,Personal,D,3250,15.21,0,0.14,12,N
27,38250,Rent,1,Medical,A,5000,7.51,0,0.13,5,N
25,46000,Mortgage,4,Education,C,2125,12.99,0,0.05,2,Y
30,41604,Mortgage,7,Venture,B,15000,10,0,0.36,9,N
24,36500,Mortgage,3,Education,B,2500,10.37,0,0.07,3,N
36,45344,Mortgage,11,Education,A,16750,7.88,0,0.37,13,N
33,85000,Rent,0,Personal,B,10000,NULL,0,0.12,5,N
56,90000,Mortgage,0,Personal,A,7200,6.17,0,0.08,19,N
30,NULL,,2,Venture,C,1000,14.27,0,0.01,2,Y
33,58800,Rent,10,Medical,B,3000,11.49,0,0.05,9,N
28,90000,Mortgage,12,Homeimprovement,C,5000,14.79,0,0.06,8,Y
22,19200,Mortgage,6,Homeimprovement,D,1400,14.91,1,0.07,4,Y
23,45000,Rent,2,Venture,B,14500,10.36,1,0.32,4,N
25,23000,Rent,NULL,Homeimprovement,D,8000,14.46,1,0.35,2,Y
28,29496,Rent,8,Education,D,4500,14.11,0,0.15,7,Y
28,40000,Mortgage,12,Homeimprovement,A,15000,5.99,0,0.38,9,N
31,75000,Rent,4,Homeimprovement,A,18000,8.9,0,0.24,6,N
36,40000,Own,2,Personal,A,5000,7.88,0,0.13,12,N
21,32400,Rent,2,Venture,C,10000,13.23,1,0.31,3,Y
35,106369,Mortgage,2,Venture,A,8325,6.99,0,0.08,10,N
24,65450,Mortgage,8,Medical,D,5000,16.77,1,0.06,4,N
24,38400,Mortgage,8,Homeimprovement,B,10000,10.99,0,0.26,2,N
26,39000,Rent,2,Education,A,8000,6.62,0,0.21,2,N
37,20004,Rent,0,Debtconsolidation,B,5000,NULL,0,0.25,12,N
34,30000,Own,0,Medical,A,6000,7.29,0,0.2,9,N
25,42000,Rent,3,Venture,A,18000,6.17,1,0.43,2,N
31,45000,Mortgage,12,Personal,A,6000,9.32,0,0.13,9,N
24,48000,Mortgage,3,Debtconsolidation,B,4800,9.99,0,0.1,2,N
27,75000,Mortgage,4,Personal,B,20150,11.36,0,0.27,6,N
23,30000,Rent,3,Personal,A,3600,5.99,0,0.12,2,N
39,57000,Mortgage,0,Debtconsolidation,A,3000,9.63,0,0.05,14,N
28,110244,Mortgage,3,Homeimprovement,D,18000,12.17,0,0.16,10,N
25,72000,Rent,NULL,Debtconsolidation,A,17000,7.88,0,0.24,3,N
NULL,57000,Own,5,,B,7900,NULL,0,0.22,7,N
26,143375,Mortgage,10,Medical,A,12000,7.66,0,0.08,3,N
27,28800,Own,0,Homeimprovement,A,13000,6.92,0,0.45,10,N
23,62400,Mortgage,7,Medical,C,7000,13.06,0,0.11,4,N
31,48000,Rent,11,Medical,B,2000,10.65,0,0.04,6,N
28,75000,Rent,1,Homeimprovement,A,12000,9.63,0,0.16,7,N
25,67500,Rent,2,Education,A,7200,7.88,0,0.11,4,N
26,90000,Rent,8,Personal,D,15000,NULL,0,0.17,3,Y
43,54000,Rent,0,Homeimprovement,D,9000,15.65,1,0.17,16,Y
23,72324,Rent,7,Venture,B,12000,10.99,0,0.17,3,N
26,38400,Rent,8,Venture,D,9100,15.37,0,0.24,2,Y
30,62304,Rent,3,Education,D,11000,NULL,0,0.18,9,N
26,48000,Mortgage,11,Medical,A,5000,7.14,1,0.1,2,N
21,44000,Rent,0,Personal,D,5500,15.28,1,0.13,3,N
26,22800,Rent,4,Personal,C,5000,13.57,0,0.22,2,Y
23,60000,Mortgage,NULL,Education,B,5600,10.99,0,0.09,2,N
24,125000,Rent,6,Personal,A,4800,6.76,0,0.04,3,N
29,32108,Rent,4,,,15000,7.88,1,0.37,5,N
38,83000,Rent,3,Homeimprovement,G,22250,23.22,1,0.27,12,Y
24,26000,Rent,2,Homeimprovement,D,6200,14.11,1,0.24,4,N
26,54000,Rent,3,Homeimprovement,E,13000,17.93,0,0.24,2,Y
28,33600,Mortgage,12,Medical,A,3000,5.42,0,0.09,5,N
27,144000,Mortgage,4,Debtconsolidation,C,21000,13.57,0,0.15,8,Y
44,80160,Mortgage,13,Debtconsolidation,C,5500,13.92,0,0.07,13,Y
24,120000,Rent,4,Homeimprovement,C,10000,13.61,0,0.08,2,N
28,65000,Mortgage,5,Medical,C,4500,15.96,0,0.07,9,Y
36,35000,Own,1,Venture,B,6000,11.49,0,0.17,13,N
23,40000,Rent,7,Venture,B,10000,10.36,0,0.25,3,N
32,40000,Rent,2,Education,A,7500,8,0,0.19,6,N
23,65000,Mortgage,7,Education,A,10500,6.03,0,0.16,4,N
22,40000,Rent,6,Education,C,14000,13.11,1,0.35,3,Y
24,84996,Rent,1,Medical,A,6000,6.03,0,0.07,3,N
22,94200,Mortgage,6,Personal,B,20000,8.88,0,0.21,2,N
21,36000,Rent,NULL,Personal,B,18000,9.88,1,0.5,3,N
26,130000,Rent,10,Debtconsolidation,C,20000,13.11,0,0.15,4,Y
23,59000,Rent,3,Education,D,10000,15.58,1,0.17,3,N
29,48000,Rent,1,Medical,A,8800,8.49,0,0.18,9,N
55,50000,Rent,2,Debtconsolidation,A,20000,7.51,1,0.4,28,N
27,62900,Rent,9,Medical,D,7450,15.99,1,0.1,10,N
31,117000,Mortgage,5,Homeimprovement,A,3600,6.91,0,0.03,5,N
30,40000,Rent,4,Venture,C,4500,14.26,0,0.11,6,Y
29,59000,Mortgage,7,Debtconsolidation,B,15000,9.76,1,0.25,8,N
37,55236,Mortgage,9,Venture,A,6500,6.03,0,0.12,16,N
NULL,47000,Own,8,Venture,A,6000,7.9,0,NULL,10,N
28,42000,Rent,9,Education,A,2500,8.49,0,0.06,8,N
22,96000,Rent,4,Education,B,3150,6,0,0.03,2,N
40,33000,Mortgage,2,Homeimprovement,B,1000,NULL,0,0.03,15,N
22,39000,Own,6,Medical,A,1000,NULL,0,0.03,2,N
25,58000,Mortgage,2,Personal,D,2750,12.86,0,0.05,4,Y
28,74000,Own,12,Venture,D,5450,12.67,0,0.07,6,Y
26,145992,Mortgage,0,Personal,D,20000,NULL,0,0.14,2,Y
23,60000,Rent,3,Education,E,10000,NULL,0,0.17,2,N
36,31000,Rent,2,Venture,A,2500,8.9,0,0.08,15,N
38,96000,Mortgage,0,Personal,C,1500,14.26,0,0.02,14,N
26,52000,Mortgage,6,Personal,B,3300,10.99,0,0.06,2,N
24,32004,Mortgage,5,Venture,C,14000,12.73,0,0.44,4,N
31,32904,Mortgage,15,Venture,C,3000,NULL,0,0.09,5,N
39,12000,Rent,NULL,Venture,B,2000,10.65,1,0.17,11,N
24,86000,Mortgage,0,Personal,B,20000,10.99,1,0.23,4,N
29,70000,Mortgage,13,Medical,A,10000,6.99,0,0.14,5,N
25,35500,Rent,5,Medical,B,4000,10.99,0,0.11,3,N
22,18000,Rent,0,Medical,C,3000,13.99,1,0.17,4,Y
36,120000,Mortgage,12,Homeimprovement,A,14500,5.42,0,0.12,13,N
30,43200,Mortgage,5,Homeimprovement,C,4200,13.49,0,0.1,7,Y
26,28800,Rent,4,Medical,A,7000,5.42,0,0.24,4,N
32,40277,Rent,5,Medical,B,15000,11.71,1,0.37,8,N
23,52360,Mortgage,NULL,Venture,D,15000,16.49,0,0.29,2,Y
26,85000,Rent,2,Venture,A,28000,7.49,1,0.33,3,N
23,54804,Rent,4,Education,D,3600,16.77,0,0.07,4,Y
23,22000,Rent,0,Venture,A,4750,NULL,0,0.23,2,
NULL,85296,Rent,7,Debtconsolidation,C,NULL,NULL,0,0.09,4,N
24,55000,Mortgage,8,Personal,D,15000,NULL,0,0.27,3,Y
24,60000,Rent,4,Personal,B,12500,11.49,0,0.21,3,N
25,80000,Mortgage,7,Homeimprovement,A,6000,7.9,0,0.07,3,N
24,130000,Rent,7,Debtconsolidation,B,24000,11.49,0,0.18,3,N
23,50000,Rent,5,Personal,A,10000,8.94,0,0.2,2,N
23,30000,Rent,2,Education,A,6400,6.99,0,0.21,4,N
34,67392,Mortgage,0,Personal,C,15000,13.85,1,0.22,5,Y
30,39552,Mortgage,2,Venture,B,12375,10.37,0,0.31,9,N
31,65000,Mortgage,3,Debtconsolidation,A,10000,11.03,NULL,NULL,3,N
28,108000,Rent,2,Personal,D,20000,15.31,1,0.19,7,N
31,64900,Rent,2,Medical,A,10000,7.66,0,0.15,5,N
25,25200,Own,5,Homeimprovement,D,1200,15.99,0,0.05,3,Y
25,56000,Rent,2,Personal,B,3000,12.69,0,0.05,3,N
45,123000,Rent,2,Education,F,14000,NULL,1,0.11,17,N
26,56045,Rent,1,Medical,D,24250,14.96,1,0.37,2,N
24,50000,Rent,8,Personal,C,8000,15.96,0,0.16,3,N
24,70000,Mortgage,9,Medical,A,7500,8.32,0,0.11,2,N
30,50000,Rent,4,Homeimprovement,E,16000,16.77,1,0.32,5,N
22,72000,,1,Venture,B,22100,7.29,NULL,0.31,5,N
29,24000,Own,3,Personal,A,7200,7.51,0,0.3,6,N
25,61000,Own,2,Personal,C,15000,14.65,0,0.25,2,N
26,225000,Rent,1,Education,A,3000,9.32,0,0.01,4,N
23,92000,Mortgage,7,Personal,B,15000,11.26,0,0.16,2,N
43,43000,Mortgage,5,Personal,B,15000,8.88,0,0.35,15,N
23,54000,Rent,7,Debtconsolidation,B,15550,11.71,0,0.29,4,N
25,60000,Rent,8,Homeimprovement,D,5000,15.57,0,0.08,4,N
30,72000,Mortgage,3,Personal,B,12000,10.95,0,0.17,5,N
25,99996,Mortgage,3,Venture,A,8000,8,0,0.08,2,N
23,60000,Rent,0,Education,C,11200,10.78,0,0.19,3,N
26,30000,Rent,0,Debtconsolidation,D,6000,NULL,1,0.2,2,Y
23,31000,Rent,1,Personal,D,1000,14.96,1,0.03,3,Y
23,98000,Rent,0,Education,E,10000,16.4,1,0.1,2,N
26,30000,Mortgage,0,Education,A,4000,7.14,0,0.13,3,N
23,62000,Mortgage,3,Medical,A,9000,NULL,0,0.15,4,N
48,57996,Rent,2,Homeimprovement,C,7000,13.61,0,0.12,12,Y
27,64000,Rent,3,Personal,A,3600,7.49,1,0.06,5,N
24,75000,Mortgage,7,Education,A,8500,6.99,0,0.11,3,N
24,29200,Mortgage,6,Personal,A,2500,6.76,0,0.09,2,N
30,107000,Mortgage,0,Debtconsolidation,C,2500,10.78,0,0.02,6,Y
30,15000,Rent,NULL,Homeimprovement,A,2700,7.29,1,0.18,5,N
22,60000,Mortgage,5,Venture,A,5600,7.49,0,0.09,3,N
25,78000,Mortgage,9,Education,A,8000,5.79,0,0.1,2,N
23,43000,Mortgage,3,Venture,D,3600,15.62,0,0.08,3,N
23,75000,Mortgage,2,Venture,E,19600,15.13,0,0.26,3,N
24,49000,Other,1,Personal,C,20000,11.34,1,0.41,4,Y
29,65000,Mortgage,5,Medical,B,6000,10.36,0,0.09,7,N
34,30000,Own,3,Homeimprovement,C,8875,14.27,0,0.3,8,Y
24,75000,Mortgage,0,Education,B,7000,11.99,0,0.09,3,N
26,30000,Rent,1,Medical,E,NULL,7.51,0,0.17,9,N
24,88000,Rent,0,Homeimprovement,B,14000,9.99,0,0.16,3,N
27,85000,Mortgage,9,Medical,B,24000,11.71,0,0.28,10,N
22,33600,Rent,3,Education,B,10000,10.25,0,0.3,3,N
26,75000,Rent,2,Personal,C,16000,13.35,0,0.21,2,Y
21,61464,Mortgage,5,Homeimprovement,C,4000,NULL,1,0.07,2,Y
29,18000,Rent,2,Homeimprovement,B,3000,12.69,1,0.17,8,N
25,31200,Own,9,Personal,A,15000,6.03,0,0.48,4,N
27,44000,Rent,6,Venture,A,4800,7.51,0,0.11,10,N
47,30000,Rent,5,Debtconsolidation,B,8000,12.18,1,0.27,11,N
25,52000,Rent,3,Education,B,7200,12.69,0,0.14,3,N
24,35000,Rent,9,Education,A,1500,NULL,0,0.04,3,N
26,29000,Rent,0,Homeimprovement,D,3400,15.62,1,0.12,4,Y
32,61000,,NULL,Debtconsolidation,B,2300,10.99,0,0.08,2,N
25,40000,Rent,2,Debtconsolidation,B,5600,NULL,0,0.14,3,N
27,54000,Rent,2,Medical,B,20000,10.99,1,0.37,8,N
39,88400,Mortgage,20,Medical,F,25000,18.3,1,0.24,13,N
22,110000,Rent,3,Debtconsolidation,B,12600,10.75,0,0.11,2,N
36,32000,Own,0,Education,A,1200,7.14,0,0.04,16,N
45,100000,Mortgage,16,Personal,A,16000,6.62,0,0.16,16,N
24,34132,Rent,0,Education,B,12000,10.62,1,0.35,3,N
22,116000,Mortgage,3,Debtconsolidation,B,12000,10.25,0,0.1,4,N
27,95004,Mortgage,1,Personal,A,15000,7.51,0,0.16,9,N
27,65000,Mortgage,0,Homeimprovement,D,22000,14.09,0,0.34,6,Y
36,45000,Rent,14,Debtconsolidation,B,6000,9.99,0,0.13,12,N
25,26004,Mortgage,3,Education,B,10000,9.91,0,0.38,2,N
30,43000,Rent,1,Medical,A,3200,8,0,0.07,5,N
24,37000,Rent,1,Debtconsolidation,A,6000,7.66,0,0.16,2,N
23,39000,Rent,5,Personal,C,8400,13.79,1,0.22,2,N
27,96000,Rent,3,Homeimprovement,A,10000,7.88,0,0.1,10,N
22,25000,Rent,0,Personal,A,7500,7.51,0,0.3,4,N
25,42000,Rent,2,Education,A,3150,5.79,0,0.07,4,N
34,80000,Rent,4,Education,A,5000,6.17,0,0.06,8,N
27,32500,Own,3,Personal,A,5000,6.62,0,0.15,8,N
26,62500,Rent,7,Medical,C,12000,12.23,0,0.19,4,Y
28,39000,Rent,6,Medical,D,8000,14.91,1,0.21,7,Y
25,38000,Rent,9,Personal,E,15000,16.45,1,0.39,3,Y
23,62400,Rent,0,Venture,A,12000,6.91,0,0.19,3,N
25,72893,Mortgage,9,Personal,C,20000,13.22,0,0.27,2,N
23,98000,Own,6,Education,D,10000,18.07,0,0.1,3,Y
25,69000,Mortgage,10,Debtconsolidation,D,15000,14.54,1,0.22,3,Y
22,37000,Rent,NULL,Debtconsolidation,B,10000,NULL,0,0.27,2,N
24,78300,Rent,2,Venture,A,7000,6.03,0,0.09,3,N
32,64000,Rent,1,Education,D,4200,NULL,1,0.07,5,Y
24,59400,Rent,8,Debtconsolidation,A,6000,7.9,0,0.1,3,N
33,59000,Rent,17,Medical,B,9600,9.91,0,0.16,8,N
38,47000,Mortgage,5,Debtconsolidation,A,11000,8.9,0,0.23,16,N
46,65000,Rent,1,Education,B,6000,12.69,0,0.09,13,N
31,40000,Own,0,Medical,D,15000,15.31,0,0.38,10,Y
31,17000,Rent,3,Venture,B,4575,11.48,1,0.27,7,N
32,64052,Rent,3,Homeimprovement,B,4875,10.74,0,0.08,9,N
23,30000,Rent,3,Venture,C,6400,NULL,0,0.21,3,Y
23,75000,Rent,3,Personal,E,23575,14.5,1,0.31,4,N
22,55000,Rent,6,Education,A,5000,6.91,0,0.09,2,N
25,40000,Rent,0,Venture,B,5925,11.11,0,0.15,3,N
34,39000,Rent,5,Homeimprovement,B,7200,11.71,1,0.18,5,N
27,78000,Rent,4,Personal,B,24000,10.99,1,0.31,10,N
23,120000,Mortgage,2,Education,A,6000,6.76,0,0.05,3,N
37,63000,Rent,2,Debtconsolidation,B,9000,NULL,0,0.09,9,
23,18000,Rent,1,Personal,C,3250,NULL,1,0.18,4,Y
31,48000,Own,0,Homeimprovement,B,1600,9.99,0,0.03,8,N
23,65000,Mortgage,3,Education,A,8000,7.14,0,0.12,4,N
22,74500,Mortgage,6,Venture,C,8000,15.96,0,0.11,3,N
24,NULL,Mortgage,8,Homeimprovement,A,8500,NULL,NULL,0.15,2,N
23,NULL,Rent,0,Medical,A,12000,15.68,0,NULL,3,Y
23,72000,Rent,7,Personal,B,10000,10.59,0,0.14,4,N
21,24000,Rent,5,Education,B,2000,11.14,0,0.08,4,N
25,37000,Rent,2,Venture,B,3325,11.49,0,0.09,3,N
24,60000,Mortgage,0,Personal,B,15000,11.89,0,0.25,2,N
30,50000,Rent,6,Medical,C,10000,NULL,0,0.2,5,N
23,80000,Mortgage,7,Education,B,10000,NULL,0,0.13,2,N
23,78000,Rent,5,Education,D,2300,17.58,0,0.03,2,Y
58,49000,Mortgage,34,Medical,D,7500,13.55,1,0.15,24,Y
34,18000,Rent,0,Debtconsolidation,B,1500,11.48,1,0.08,8,N
31,47000,Mortgage,6,Medical,C,20000,13.49,0,0.43,5,N
27,69000,Mortgage,3,Education,B,4000,11.49,1,0.06,8,N
26,51996,Mortgage,10,Personal,B,1500,9.7,0,0.03,3,N
24,91800,Mortgage,0,Medical,C,16000,14.22,1,0.15,4,N
23,30000,Own,5,Personal,B,3000,12.18,0,0.1,2,N
22,20400,Rent,NULL,Personal,B,5000,12.42,0,0.25,2,N
28,39000,Rent,6,Debtconsolidation,A,5000,5.99,1,0.13,7,N
21,30000,Rent,2,Debtconsolidation,D,12250,14.59,1,0.41,3,Y
25,49244,Rent,3,Education,A,8000,8,0,0.16,3,N
24,50000,Rent,6,Personal,A,4000,7.66,0,0.08,4,N
36,46000,Mortgage,3,Venture,A,8000,5.42,0,0.17,15,N
34,105000,Mortgage,14,Venture,A,12000,6.99,0,0.11,5,N
30,108800,Mortgage,2,Medical,E,15000,16.35,1,0.12,8,N
24,30000,Rent,2,Debtconsolidation,C,3350,14.72,0,0.11,2,Y
22,103000,Mortgage,6,Personal,B,15000,9.63,1,0.15,4,N
36,40000,Rent,2,Education,C,11250,14.27,0,0.28,12,N
25,60000,Rent,1,Education,A,10000,NULL,0,0.17,4,N
31,30000,Rent,5,Medical,B,7000,11.99,0,0.23,8,N
28,57360,Mortgage,3,Personal,B,23000,NULL,0,0.4,8,N
35,67000,Mortgage,10,Personal,A,3300,7.88,0,0.05,6,N
24,134000,Mortgage,2,Debtconsolidation,D,25000,14.83,1,0.19,4,N
24,50000,Mortgage,7,Homeimprovement,C,6000,13.99,0,0.12,4,Y
20,65000,Mortgage,4,Venture,B,4800,9.99,0,0.07,4,N
24,110000,Mortgage,8,Personal,A,27300,7.51,0,0.25,3,N
28,20292,Rent,3,Venture,B,3900,12.53,0,0.19,9,N
23,58000,Own,4,Medical,C,6400,13.48,0,0.11,3,Y
27,129900,Mortgage,11,Medical,B,3100,11.11,0,0.02,8,N
24,95000,Rent,8,Personal,D,17200,17.58,0,0.18,3,N
29,60000,Mortgage,3,Personal,A,7200,7.88,0,0.12,7,N
31,39420,Rent,0,Medical,C,2500,15.27,0,0.06,8,Y
35,75000,Mortgage,5,Debtconsolidation,C,4000,14.27,0,0.05,5,Y
24,28800,Mortgage,5,Debtconsolidation,C,5500,NULL,0,0.19,3,Y
29,46000,Rent,6,Venture,B,4000,9.99,0,0.09,9,N
26,39000,Mortgage,4,Debtconsolidation,D,5000,13.67,1,0.13,3,N
27,79000,Mortgage,4,Personal,A,9000,6.76,0,0.11,10,N
22,58900,Rent,2,Medical,C,14900,13.57,0,0.25,3,N
23,100000,Mortgage,7,Education,A,15000,7.88,0,0.15,4,N
29,64000,Rent,13,Personal,C,4900,NULL,0,0.08,10,Y
25,120000,Rent,2,Personal,A,15000,7.51,0,0.13,2,N
31,73000,Mortgage,4,Debtconsolidation,F,16000,19.41,1,0.22,7,N
27,54400,Mortgage,11,Medical,D,11000,15.33,1,0.17,10,Y
23,60000,Rent,3,Education,B,20000,12.21,1,0.33,2,N
28,110000,Mortgage,12,Homeimprovement,B,3500,11.49,0,0.03,10,N
25,60000,Rent,1,Personal,A,10000,NULL,0,0.17,4,N
32,70197,Mortgage,9,Debtconsolidation,A,4100,7.51,0,0.06,6,N
31,83000,Mortgage,11,Medical,A,7500,NULL,0,0.09,6,N
30,120000,Mortgage,5,Debtconsolidation,B,5000,10.38,0,0.04,9,N
23,52000,Rent,1,Personal,C,25000,13.22,1,0.48,2,N
26,47000,Mortgage,0,Personal,A,3000,5.79,0,0.06,2,N
28,33000,Rent,0,Venture,D,3200,14.42,1,0.1,6,Y
22,88000,Rent,6,Venture,B,28000,9.91,1,0.32,3,N
25,45000,Mortgage,0,Venture,B,7500,10.39,0,0.17,3,N
25,123144,Rent,2,Medical,B,12000,10.75,0,0.1,2,N
23,30000,Rent,0,Education,C,8400,14.65,0,0.28,3,N
33,32400,Rent,8,Education,A,11000,6.99,1,0.34,10,N
24,53117,Rent,1,Personal,C,2000,13.79,0,0.04,2,N
33,86000,Rent,0,Debtconsolidation,A,4700,9.63,0,0.05,7,N
34,39000,Rent,0,Debtconsolidation,B,7500,9.45,1,0.19,9,N
30,66000,Mortgage,15,Venture,B,15000,11.14,0,0.23,8,N
24,32500,Own,2,Education,D,NULL,7.88,0,NULL,6,N
23,28296,Mortgage,NULL,Personal,B,7000,NULL,0,0.25,4,N
27,105000,Mortgage,7,Education,A,11000,7.49,0,0.1,5,N
24,9600,Rent,3,Education,C,1300,12.73,1,0.14,2,N
25,38000,Rent,9,Medical,B,4800,11.71,0,0.13,4,N
26,50000,Rent,2,Personal,A,10000,8.49,0,0.2,3,N
24,59000,Mortgage,3,Debtconsolidation,C,6800,12.53,1,0.12,4,Y
31,24996,Rent,0,Debtconsolidation,C,5000,12.99,1,0.2,8,N
27,34000,Own,7,Education,C,8000,12.53,0,0.24,10,N
24,30000,Rent,2,Debtconsolidation,C,1500,14.22,0,0.05,4,Y
31,65000,Rent,2,Education,B,6000,11.49,0,0.09,6,N
31,24000,Own,14,Personal,D,2000,16.29,0,0.08,9,N
22,65100,Rent,3,Education,E,6000,16.2,0,0.09,4,N
33,19200,Rent,NULL,Personal,B,6000,10.65,1,0.31,6,N
30,98000,Rent,14,Personal,C,8525,10.78,1,0.09,9,N
27,83000,Mortgage,11,Venture,C,2500,13.99,0,0.03,8,Y
37,NULL,Rent,11,Medical,C,6000,NULL,1,0.13,10,N
30,72000,Mortgage,3,Medical,A,14000,6.99,0,0.19,9,N
32,59000,Rent,1,Personal,D,8000,14.96,1,0.14,10,Y
22,14400,Rent,0,Homeimprovement,E,4400,19.91,1,0.31,4,N
37,36000,Mortgage,21,Venture,A,8000,7.88,0,0.22,15,N
21,65004,Mortgage,5,Debtconsolidation,B,5000,9.99,0,0.08,3,N
36,45000,Rent,4,Medical,B,20000,11.36,1,0.44,14,N
22,60000,Rent,6,Personal,A,14000,6.03,0,0.23,2,N
21,84000,Mortgage,5,Education,B,2500,9.99,0,0.03,4,N
37,89532,Rent,9,Medical,B,6600,12.53,0,0.07,12,N
29,43000,Rent,1,Medical,B,6000,11.14,0,0.14,7,N
28,98000,Rent,6,Education,A,4000,7.51,1,0.04,7,N
37,63000,Rent,1,Debtconsolidation,A,14900,9.63,0,0.24,13,N
24,28932,Mortgage,4,Personal,C,10000,NULL,0,0.35,2,Y
37,20004,Rent,0,Venture,B,5000,NULL,0,0.25,14,N
32,56784,Own,3,Personal,D,12000,14.96,0,0.21,10,Y
53,46000,Own,9,Personal,B,4925,11.71,0,0.11,23,N
30,98000,Mortgage,8,Venture,A,3500,7.68,0,0.04,10,N
69,80000,Rent,12,Medical,C,4800,14.79,0,0.06,22,Y
21,20000,Rent,NULL,Medical,B,5600,10.75,0,0.28,4,N
25,42000,Rent,3,Education,C,10000,13.8,1,0.24,2,N
23,44340,Own,0,Venture,C,3000,12.98,0,0.07,3,Y
51,667680,Mortgage,19,Personal,C,10000,13.98,0,0.01,22,Y
22,17352,Mortgage,NULL,Education,C,2250,15.27,0,0.13,3,Y
32,54000,Mortgage,2,Homeimprovement,B,7125,9.99,1,0.13,6,N
22,47540,Mortgage,4,Medical,B,12250,10.62,0,0.26,2,N
22,41000,Rent,2,Debtconsolidation,D,3600,16.77,1,0.09,3,Y
32,70000,Own,1,Medical,A,14400,7.88,0,0.21,10,N
32,61900,Rent,4,Homeimprovement,C,1500,13.23,0,0.02,7,Y
23,115000,Mortgage,7,Education,C,10000,14.27,0,0.09,2,N
23,56100,Mortgage,3,Medical,B,5650,10.99,1,0.09,3,N
32,1200000,Mortgage,1,Venture,A,12000,7.51,0,0.01,8,N
24,41000,Rent,4,Medical,C,15600,12.87,1,0.38,3,Y
42,24000,Own,10,Medical,A,5000,NULL,0,0.21,11,N
26,80000,Mortgage,5,Venture,D,12000,16.29,0,0.15,2,N
22,42000,Rent,2,Education,A,6500,5.99,0,0.15,2,N
24,56100,Rent,7,Medical,D,25000,16.49,1,0.38,4,N
23,98280,Mortgage,7,Personal,A,9400,6.62,0,0.1,3,N
27,60000,Rent,8,Medical,A,7000,6.99,0,0.12,8,N
32,35100,Mortgage,3,Venture,D,10000,15.95,0,0.28,5,Y
28,50000,Rent,1,Personal,B,4800,10.37,0,0.1,10,N
NULL,34000,Mortgage,NULL,Debtconsolidation,B,5000,13.98,0,0.08,2,Y
38,89000,Mortgage,2,Personal,A,6000,5.42,0,0.07,13,N
22,92496,Mortgage,2,Education,A,10200,NULL,0,0.11,4,N
24,54500,Mortgage,7,Medical,D,8000,17.49,1,0.15,4,N
34,334000,Own,18,Education,C,18000,12.68,0,0.05,10,Y
36,24000,Mortgage,2,Debtconsolidation,A,1500,9.63,0,0.06,16,N
27,21112,Rent,0,Personal,D,3600,15.99,1,0.17,10,Y
37,65000,Rent,7,Homeimprovement,C,12000,13.98,0,0.18,12,N
26,64999,Own,5,Venture,C,10000,13.98,0,0.15,3,Y
25,55000,Mortgage,3,Debtconsolidation,A,24200,8.49,0,0.44,3,N
32,59004,Rent,0,Medical,D,8000,16.49,1,0.14,8,Y
34,92000,Mortgage,5,Medical,A,10000,7.51,0,0.11,10,N
34,77000,Rent,3,Debtconsolidation,D,5600,15.27,NULL,0.08,11,
24,88000,Mortgage,4,Medical,B,6000,9.91,0,0.07,2,N
29,114500,Mortgage,13,Debtconsolidation,E,30000,19.29,1,0.26,6,N
23,14400,Own,2,Homeimprovement,E,4000,16.7,1,0.28,2,N
23,48000,Rent,3,Medical,A,4800,5.42,0,0.1,3,N
22,60000,Mortgage,7,Venture,C,7000,13.61,0,0.12,3,Y
26,45608,Own,8,Homeimprovement,A,11000,6.62,0,0.24,2,N
28,148000,Mortgage,0,Homeimprovement,D,15000,15.65,1,0.1,5,Y
28,64000,Rent,1,Personal,C,10000,11.66,0,0.16,5,N
27,25000,Rent,0,Homeimprovement,D,3000,15.62,1,0.12,5,N
22,130000,Mortgage,3,Venture,B,24250,12.18,0,0.19,4,N
31,76500,Rent,1,Education,B,14000,11.49,0,0.18,10,N
22,34000,Mortgage,6,Venture,D,15000,15.99,1,0.44,2,Y
27,34928,Rent,1,Homeimprovement,E,11500,16,1,0.33,5,N
31,33600,Rent,0,Medical,B,4000,11.49,0,0.12,5,N
22,65000,Own,1,Venture,D,5000,15.37,0,0.08,4,N
27,85000,Rent,11,Debtconsolidation,C,6000,13.43,0,0.07,5,Y
27,63000,Mortgage,12,Personal,A,18000,7.49,0,0.29,9,N
22,40000,Mortgage,5,Debtconsolidation,B,8000,9.76,0,0.2,4,N
29,54000,Mortgage,1,Personal,G,25000,20.16,1,0.46,8,Y
26,80000,Mortgage,0,Education,A,6300,5.79,0,0.08,4,N
23,25200,Rent,7,Education,B,7200,11.86,1,0.29,4,N
23,87000,Mortgage,5,Debtconsolidation,C,15000,14.35,0,0.17,2,N
23,38400,Rent,3,Debtconsolidation,A,6250,8.9,0,0.16,4,N
37,6000,Own,3,Venture,A,1300,6.03,1,0.22,11,N
26,51500,Mortgage,3,Homeimprovement,D,9600,15.21,0,0.19,4,Y
25,66420,Mortgage,1,Education,B,4000,12.18,0,0.06,2,N
24,25000,Rent,3,Medical,B,3000,10.95,0,0.12,2,N
23,120000,Mortgage,8,Venture,A,14000,8.94,0,0.12,3,N
32,45000,Rent,0,Education,B,5600,11.36,0,0.12,10,N
25,60000,Rent,3,Homeimprovement,A,7000,6.92,0,0.12,2,N
27,72000,Rent,9,Education,B,25000,10.75,1,0.35,8,N
29,71000,Rent,1,Medical,C,12000,NULL,0,0.17,5,N
21,37000,Rent,0,Personal,B,4000,10.08,0,0.11,3,N
25,55000,Rent,3,Debtconsolidation,B,1200,11.58,0,0.02,4,N
27,66000,Rent,11,Debtconsolidation,D,6000,NULL,1,0.09,8,N
30,64600,Rent,0,Medical,A,21500,6.91,1,0.28,10,N
29,74100,Rent,3,Venture,C,4500,13.61,0,0.06,8,Y
34,60000,Rent,0,Education,C,12000,12.22,0,0.2,7,Y
28,130000,Own,10,Education,B,24000,11.83,0,0.18,10,N
22,36000,Rent,0,Personal,A,4000,8.94,0,0.11,4,N
24,26000,Rent,1,Medical,C,5375,13.47,0,0.21,4,Y
29,52000,Rent,3,Debtconsolidation,C,10800,14.27,0,0.21,5,N
25,98000,Mortgage,9,Homeimprovement,E,25000,16.45,1,0.26,4,N
30,102540,Mortgage,6,Homeimprovement,A,1500,7.9,0,0.01,5,N
27,55000,Rent,3,Debtconsolidation,C,20000,13.48,1,0.36,9,N
24,80000,Rent,3,Venture,C,20000,13.06,0,0.25,3,Y
53,85000,Rent,2,Personal,A,8000,7.74,0,0.09,26,N
26,50000,Own,11,Homeimprovement,B,1800,11.49,0,0.04,4,N
29,35000,Mortgage,14,Education,C,8000,12.68,0,0.23,9,Y
36,42000,Rent,1,Education,A,21000,7.49,1,0.5,11,N
22,51000,Rent,6,Education,A,7500,5.99,0,0.15,3,N
26,110000,Mortgage,0,Venture,A,15600,6.17,0,0.14,4,N
23,38000,Rent,0,Medical,A,8000,6.17,0,0.21,2,N
30,30000,Rent,11,Medical,B,1000,NULL,1,0.03,10,N
27,32760,Rent,4,Personal,D,5000,15.21,0,0.15,9,Y
22,28800,Mortgage,2,Medical,A,10000,7.49,0,0.35,2,N
22,14400,Rent,5,Venture,A,2800,6.54,1,0.19,3,N
26,67000,Mortgage,10,Personal,B,10000,12.21,0,0.15,3,N
34,78000,Rent,9,Debtconsolidation,E,15000,16.4,1,0.19,5,N
26,65004,Mortgage,7,Homeimprovement,B,20000,10.36,0,0.31,3,N
23,65000,Mortgage,0,Education,C,8500,15.23,0,0.13,3,Y
27,44000,Mortgage,3,Education,C,6400,13.85,0,0.15,7,Y
28,138996,Mortgage,3,Personal,C,20000,13.79,0,0.14,9,Y
NULL,75000,Rent,2,,A,10000,16.89,1,0.09,8,Y
31,95000,Mortgage,1,Debtconsolidation,B,25000,10.08,0,0.26,6,N
42,42000,Rent,0,Personal,B,12000,10.37,0,0.29,11,N
26,108000,Mortgage,4,Personal,A,9000,5.79,0,0.08,2,N
33,61500,Rent,7,Education,A,6000,5.79,0,0.1,10,N
32,70000,Mortgage,7,Personal,A,6000,5.42,0,0.09,6,N
31,110000,Mortgage,4,Debtconsolidation,B,6000,11.99,0,0.05,7,N
30,58000,Rent,2,Medical,A,15000,8.49,0,0.26,10,N
22,57600,Own,6,Venture,A,6500,7.49,0,0.11,3,N
23,30000,Mortgage,4,Debtconsolidation,B,4800,10.65,1,0.16,3,N
26,49992,Mortgage,10,Debtconsolidation,B,6000,10.99,0,0.12,2,N
24,77385,Rent,6,Debtconsolidation,A,9200,6.03,0,0.12,3,N
32,82000,Mortgage,13,Personal,B,10000,10.36,0,0.12,6,N
22,36000,Rent,1,Personal,A,1000,7.68,0,0.03,4,N
37,95000,Rent,3,Medical,A,10000,7.88,0,0.11,13,N
24,71000,Mortgage,8,Education,B,3500,11.49,0,0.05,2,N
23,85000,Rent,2,Medical,B,9600,10.99,0,0.11,4,N
23,97600,Mortgage,7,Medical,A,14500,7.51,0,0.15,2,N
25,61680,Rent,1,Venture,C,7600,13.23,1,0.12,4,N
44,57000,Rent,1,Personal,B,4200,NULL,0,0.07,11,N
NULL,30000,Rent,2,Education,B,2500,10.37,0,0.04,4,
24,37000,Other,2,Education,B,5000,11.58,0,0.14,3,N
26,90000,Rent,8,Personal,C,8400,NULL,0,0.09,2,N
25,106226,,9,Education,B,14000,NULL,0,0.06,6,N
22,38004,Own,0,Venture,D,3000,12.92,0,0.08,3,Y
24,60000,Mortgage,8,Venture,A,2800,9.32,0,0.05,4,N
22,60000,Rent,6,Medical,B,6000,11.99,0,0.1,3,N
22,32400,Mortgage,1,Debtconsolidation,A,5500,NULL,0,0.17,2,N
24,37000,Rent,3,Venture,B,5500,9.2,0,0.15,3,N
22,35000,Rent,1,Venture,C,8000,12.41,0,0.23,3,N
28,50000,Rent,1,Education,C,15000,10.28,0,0.3,5,N
27,31897,Rent,8,Medical,C,14125,12.68,1,0.44,10,N
23,29000,Rent,4,Medical,D,13450,12.61,1,0.46,3,N
34,65000,Mortgage,6,Debtconsolidation,A,12300,NULL,0,0.19,10,N
24,77964,Rent,4,Debtconsolidation,D,9600,14.42,1,0.12,2,N
21,23040,Own,0,Education,A,15000,8.94,0,0.65,2,N
34,67000,Rent,7,Education,B,20000,11.71,0,0.3,9,N
22,44000,Rent,5,Homeimprovement,B,15000,11.11,1,0.34,3,N
37,21600,Rent,4,Medical,D,3800,NULL,1,0.18,11,N
29,93000,Rent,1,Homeimprovement,B,10000,11.14,0,0.11,8,N
27,48000,Rent,9,Debtconsolidation,C,14000,13.79,1,0.29,10,N
21,NULL,,6,Medical,A,7000,10.99,0,0.11,2,N
24,54000,Mortgage,8,Personal,B,4000,9.99,0,0.07,2,N
23,39975,Rent,0,Personal,C,7500,NULL,0,0.19,2,Y
29,123000,Rent,0,Education,A,6500,NULL,0,0.05,10,N
39,97000,Rent,15,Personal,B,3000,9.25,0,0.03,17,N
22,45000,Rent,3,Medical,A,5800,7.88,0,0.13,3,N
23,33996,Rent,1,Education,A,1500,6.99,0,0.04,4,N
22,30000,Rent,1,Personal,B,9375,11.71,1,0.31,2,N
23,36000,Rent,1,Medical,C,5000,13.22,0,0.14,4,N
22,48000,Mortgage,0,Medical,A,5000,6.03,0,0.1,4,N
27,56400,Rent,4,Personal,D,8000,16.77,0,0.14,10,Y
40,52479,Rent,17,Personal,D,6600,14.54,1,0.13,13,N
21,60000,Mortgage,4,Education,B,12000,11.36,0,0.2,3,N
28,81000,Mortgage,11,Homeimprovement,A,6000,6.17,0,0.07,10,N
23,55000,Rent,4,Medical,B,4000,12.53,0,0.07,2,N
23,55000,Mortgage,3,Personal,A,7500,7.51,0,0.14,2,N
28,37152,Rent,12,Education,D,2300,13.17,0,0.06,7,N
32,135000,Mortgage,10,Personal,B,10000,10.99,0,0.07,6,N
34,75000,Mortgage,14,Medical,B,10000,11.11,0,0.13,10,N
23,35000,Rent,0,Debtconsolidation,C,5200,13.92,0,0.15,2,N
26,45000,Rent,5,Medical,D,1800,14.11,0,0.04,2,Y
29,100000,Mortgage,9,Venture,C,25000,13.23,0,0.25,8,Y
35,26000,Rent,3,Personal,A,8000,7.9,1,0.31,10,N
25,70000,Rent,9,Homeimprovement,D,15000,16.02,0,0.21,4,N
22,43000,Rent,2,Debtconsolidation,A,14400,7.88,1,0.33,2,N
27,66300,Mortgage,11,Medical,D,21000,15.62,1,0.27,10,Y
33,55259,Rent,15,Education,D,11200,17.49,0,0.2,5,N
31,50004,Mortgage,15,Debtconsolidation,A,10000,8,0,0.2,8,N
24,NULL,Rent,0,Venture,B,6600,6.92,0,NULL,9,N
24,52000,Mortgage,8,Personal,B,5000,10.99,0,0.1,3,N
21,75000,Rent,5,Medical,B,15000,10.37,0,0.2,4,N
30,31000,Mortgage,14,Homeimprovement,B,2400,10.65,1,0.08,5,N
26,49000,Rent,0,Homeimprovement,F,20000,19.79,1,0.41,3,N
24,90000,Rent,8,Homeimprovement,D,15000,17.58,0,0.17,3,N
26,62500,Mortgage,9,Medical,B,8000,11.49,0,0.13,2,N
27,29000,Rent,4,Personal,A,9750,7.51,1,0.34,6,N
29,70000,Mortgage,11,Education,C,6000,14.27,0,0.09,7,Y
27,105000,Rent,1,Homeimprovement,B,16000,NULL,0,0.15,8,N
26,64000,Mortgage,9,Debtconsolidation,D,8000,12.17,1,0.13,4,N
33,62000,Mortgage,3,Homeimprovement,A,3700,6.39,0,0.06,6,N
23,13000,Rent,3,Personal,D,2800,15.21,1,0.22,2,Y
22,48000,Rent,6,Debtconsolidation,A,16500,8.9,1,0.34,3,N
22,59000,Mortgage,6,Debtconsolidation,A,6400,NULL,0,0.11,4,N
26,63000,Rent,1,Venture,E,10000,16.4,1,0.16,2,Y
25,125000,Rent,3,Homeimprovement,B,7500,12.69,0,0.06,4,N
26,161000,Rent,10,Venture,A,30000,7.9,0,0.19,4,N
29,62000,Mortgage,5,Debtconsolidation,A,10000,5.99,0,0.16,8,N
25,150000,Mortgage,6,Debtconsolidation,C,5000,13.16,0,0.03,4,Y
28,84000,Mortgage,12,Medical,B,20500,10,0,0.24,5,N
23,57000,Mortgage,6,Education,D,17500,14.09,0,0.31,3,Y
30,72000,Rent,12,Education,A,12400,NULL,0,0.17,5,N
26,132500,Mortgage,1,Homeimprovement,B,12000,12.69,0,0.09,3,N
21,55200,Mortgage,5,Venture,A,8900,6.17,0,0.16,2,N
35,45000,Rent,3,Medical,B,12000,11.26,0,0.27,5,N
22,69500,Rent,6,Debtconsolidation,B,6000,10.65,0,0.09,4,N
33,57500,Mortgage,0,Medical,A,15000,6.03,0,0.26,7,N
24,193000,Mortgage,8,Education,C,10000,13.06,0,0.05,4,N
23,70550,Mortgage,7,Medical,A,15000,8.9,1,0.18,4,N
36,33600,Own,NULL,Venture,E,15000,18.39,0,0.45,16,N
25,38400,Rent,3,Debtconsolidation,B,15000,10.65,1,0.39,2,N
36,37000,Mortgage,3,Personal,A,7000,6.91,0,0.19,13,N
23,66000,Rent,2,Medical,A,10000,9.32,0,0.15,4,N
26,78000,Mortgage,7,Venture,A,7200,6.62,0,0.09,4,N
23,65000,Mortgage,4,Education,D,13600,15.62,0,0.21,2,Y
24,62400,Rent,8,Venture,B,20000,11.12,1,0.32,2,N
37,78000,Mortgage,5,Debtconsolidation,B,12000,9.83,0,0.15,11,N
21,55000,Rent,3,Education,B,4800,11.12,0,0.09,4,N
32,80000,Mortgage,15,Venture,A,12000,5.99,0,0.15,8,N
27,90000,Mortgage,2,Personal,E,20000,16.7,0,0.22,9,N
31,165000,Mortgage,3,Homeimprovement,C,15000,12.61,0,0.09,7,N
21,78000,Rent,4,Venture,A,10000,5.99,0,0.13,2,N
31,70000,Mortgage,0,Medical,A,3000,8.9,0,0.04,8,N
24,37200,Rent,8,Debtconsolidation,A,7200,7.9,0,0.19,4,N
34,67500,Rent,2,Venture,B,20000,NULL,0,0.3,5,N
23,34000,Rent,5,Medical,E,9000,17.06,1,0.26,4,Y
22,26400,Mortgage,NULL,Personal,B,1000,NULL,1,0.04,2,N
24,104000,Mortgage,2,Venture,A,19000,NULL,0,0.18,4,N
30,75000,Rent,0,Personal,B,5000,10.62,0,0.07,5,N
26,86004,Rent,0,Education,C,12000,12.99,0,0.14,2,N
23,14000,Rent,0,Debtconsolidation,C,1500,NULL,0,0.11,4,Y
23,90000,Mortgage,1,Education,A,4000,5.42,0,0.04,3,N
28,61350,Rent,12,Debtconsolidation,C,7000,12.98,1,0.11,8,Y
38,67000,Rent,6,Homeimprovement,D,13000,NULL,0,0.19,17,N
22,31215,Own,NULL,Education,B,14000,9.91,0,0.45,3,N
23,46000,Rent,7,Homeimprovement,C,10000,13.43,1,0.22,4,N
24,80400,Mortgage,5,Personal,A,12000,5.79,0,0.15,2,N
23,37000,Rent,7,Education,B,3000,10.75,1,0.08,4,N
35,74984,Rent,2,Venture,A,13500,7.29,0,0.18,9,N
30,76000,Mortgage,5,Homeimprovement,A,6250,7.88,0,0.08,10,N
29,39000,Rent,0,Venture,D,4000,15.99,1,0.1,5,Y
23,34000,Own,7,Venture,A,10950,7.29,0,0.32,2,N
31,42000,Rent,2,Medical,A,7000,7.9,0,0.17,7,N
23,32000,Mortgage,NULL,Education,B,1000,10.59,1,0.03,2,N
24,57000,Own,8,Education,A,9000,8,0,0.16,4,N
25,44000,Rent,9,Medical,C,8500,14.27,1,0.19,4,N
22,47952,Mortgage,NULL,Venture,A,15000,6.17,0,0.31,4,N
22,48000,Rent,6,Venture,B,5000,NULL,0,0.1,2,N
30,75000,Rent,5,Homeimprovement,B,22000,10.62,0,0.29,10,N
26,30000,Mortgage,5,Homeimprovement,B,2000,11.99,1,0.07,2,N
32,67000,Mortgage,12,Medical,B,10000,10.25,0,0.15,9,N
26,60000,Mortgage,10,Medical,A,12500,6.92,0,0.21,3,N
29,125000,Mortgage,5,Personal,A,12000,5.79,0,0.1,7,N
21,37200,Rent,1,Debtconsolidation,B,7000,10.99,0,0.19,3,N
41,60000,,4,,B,34000,17.58,1,0.52,4,N
28,95680,Mortgage,12,Venture,A,17000,7.88,0,0.18,7,N
24,50000,Rent,1,Homeimprovement,A,12000,7.51,0,0.24,4,N
22,75000,Mortgage,6,Venture,D,25000,15.57,1,0.33,4,Y
30,33000,Rent,4,Debtconsolidation,C,1000,14.79,0,0.03,9,Y
21,18000,Own,NULL,Education,B,5000,11.11,1,0.28,2,N
33,79050,Mortgage,17,Medical,,NULL,7.51,0,0.26,2,N
22,65000,Rent,0,Personal,B,10000,9.45,0,0.15,3,N
31,86000,Rent,2,Debtconsolidation,A,5000,NULL,0,0.06,8,N
36,66000,Rent,3,Education,A,10000,6.62,0,0.15,12,N
22,36000,Rent,1,Debtconsolidation,A,6000,7.51,0,0.17,2,N
27,39600,Mortgage,11,Debtconsolidation,A,4800,6.76,0,0.12,9,N
22,58650,Mortgage,6,Medical,D,25000,14.96,1,0.36,2,N
23,63000,Mortgage,7,Education,A,20000,7.9,0,0.32,3,N
24,72000,Rent,6,Personal,B,14400,10,0,0.2,4,N
35,77040,Mortgage,8,Homeimprovement,A,5900,5.99,0,0.08,7,N
27,51000,Rent,9,Venture,B,1600,10.59,0,0.03,6,N
31,42000,Rent,12,Personal,B,12000,NULL,0,0.29,9,N
24,175000,Own,3,Venture,B,8000,11.14,0,0.05,4,N
28,230000,Mortgage,12,Debtconsolidation,B,10000,10.95,0,0.04,6,N
23,44004,Rent,0,Venture,E,12000,16,1,0.27,2,N
25,33280,Rent,1,Medical,B,5500,NULL,0,0.17,4,N
26,122000,Mortgage,4,Education,C,4800,NULL,0,0.04,3,Y
29,85000,Mortgage,14,Venture,B,7500,11.49,0,0.09,10,N
22,34000,Rent,0,Debtconsolidation,C,3500,14.27,0,0.1,3,Y
24,54000,Mortgage,8,Venture,D,1500,14.42,1,0.03,2,Y
29,78300,Mortgage,1,Venture,F,10000,18.09,0,0.13,9,Y
25,36000,Rent,2,Education,C,3600,15.23,0,0.1,4,N
42,101000,Mortgage,6,Debtconsolidation,F,25000,16.15,1,0.25,14,Y
46,180000,Mortgage,31,Medical,B,18000,9.91,0,0.1,12,N
25,63300,Mortgage,0,Education,C,17600,12.53,0,0.28,4,Y
34,39000,Own,5,Homeimprovement,B,12000,11.99,0,0.31,6,N
26,95000,Mortgage,1,Personal,B,24000,10.99,0,0.25,3,N
24,35000,Rent,9,Personal,A,7000,5.99,0,0.2,2,N
22,40542,Mortgage,6,Venture,A,6250,NULL,0,0.15,2,N
23,20124,Rent,NULL,Debtconsolidation,C,5950,13.49,0,0.3,3,Y
29,60000,Rent,1,Homeimprovement,B,6000,10.01,0,0.1,10,N
29,120000,Mortgage,3,Debtconsolidation,C,6250,12.53,0,0.05,9,N
43,61000,Mortgage,3,Debtconsolidation,E,16000,NULL,1,0.26,17,Y
22,21216,Rent,0,Medical,B,1500,11.86,0,0.07,2,N
23,58000,Rent,4,Education,C,1200,15.23,0,0.02,4,N
21,30000,Rent,4,Education,D,3000,16.32,0,0.1,3,Y
23,121000,Mortgage,4,Personal,A,3600,5.79,0,0.03,4,N
38,49000,Mortgage,10,Debtconsolidation,B,7250,11.99,0,0.15,11,N
28,71000,Rent,4,Medical,A,6000,8.49,0,0.08,10,N
22,51000,Rent,6,Personal,A,7500,5.99,0,0.15,2,N
23,51996,Mortgage,3,Personal,A,5000,6.92,0,0.1,3,N
31,42000,Rent,1,Medical,B,12000,10.99,0,0.29,9,N
23,99200,Mortgage,7,Debtconsolidation,A,23000,6.91,0,0.23,4,N
22,74004,Own,0,Medical,A,3000,6.54,0,0.04,4,N
33,104000,Rent,9,Debtconsolidation,B,8000,11.58,0,0.08,8,N
24,40000,Rent,1,Medical,B,1000,10.99,0,0.03,3,N
26,28800,Rent,0,Homeimprovement,D,13000,14.46,1,0.45,2,N
24,42000,Mortgage,NULL,Medical,A,19000,6.99,1,0.45,3,N
28,30000,Rent,3,Personal,A,10000,8.9,1,0.33,5,N
33,124000,Mortgage,6,Debtconsolidation,A,14000,6.03,0,0.11,10,N
23,80000,Rent,1,Medical,A,12000,6.62,0,0.15,4,N
26,72645,Own,5,Venture,A,12000,NULL,0,0.17,2,N
29,41700,Rent,0,Education,A,4500,NULL,0,0.11,6,N
36,16800,Rent,NULL,Personal,C,NULL,5.42,0,0.03,14,N
22,69996,Mortgage,6,Venture,B,10000,10,0,0.14,4,N
40,130000,Mortgage,0,Debtconsolidation,A,24250,6.17,0,0.19,16,N
22,42000,Rent,6,Education,B,2000,10.36,0,0.05,4,N
27,41000,Rent,6,Education,A,15000,8.49,1,0.37,8,N
40,38000,Rent,16,Venture,B,11000,10.37,0,0.29,11,N
24,54000,Rent,5,Venture,C,21600,13.49,1,0.4,2,N
23,90000,Rent,4,Personal,B,18000,8.88,0,0.2,4,N
26,80000,Mortgage,4,Personal,D,5000,14.96,0,0.06,3,Y
22,56000,Mortgage,3,Education,D,10075,16.29,0,0.18,4,Y
30,70000,Mortgage,6,Homeimprovement,B,12800,NULL,0,0.18,7,N
24,90000,Rent,8,Homeimprovement,B,10000,NULL,0,0.11,2,N
23,58700,Rent,8,Personal,B,1200,11.71,0,0.02,4,N
25,75000,Mortgage,9,Medical,C,4800,15.27,0,0.06,3,Y
30,40800,Rent,7,Personal,B,2400,11.49,1,0.06,9,N
21,36000,Mortgage,1,Medical,A,4000,5.42,0,0.11,3,N
25,45000,Rent,4,Debtconsolidation,C,15000,NULL,1,0.33,2,N
29,20064,Rent,3,Medical,C,4400,13.92,0,0.22,7,Y
30,54000,Rent,1,Education,B,6300,10,0,0.12,7,N
25,60000,Rent,1,Venture,A,8400,7.29,0,0.14,2,N
26,48000,Mortgage,10,Venture,C,13800,13.49,0,0.29,2,Y
36,65458,Mortgage,4,Medical,A,8000,7.29,0,0.12,13,N
29,175000,Mortgage,2,Homeimprovement,A,10000,NULL,0,0.06,9,N
29,56000,Mortgage,8,Medical,B,6000,10.99,0,0.11,9,N
30,54000,Rent,2,Homeimprovement,E,5000,15.13,1,0.09,7,N
25,65000,Rent,3,Personal,D,18000,15.33,1,0.28,4,N
30,79000,Rent,5,Education,F,15000,NULL,0,0.19,7,N
22,18204,Rent,2,Debtconsolidation,B,2500,11.89,0,0.14,4,N
24,65000,Rent,5,Personal,B,8000,9.63,0,0.12,3,N
NULL,105000,Mortgage,3,Education,C,14850,8.9,1,NULL,4,N
30,180000,Mortgage,NULL,Education,A,4800,NULL,0,0.08,10,N
46,47000,Mortgage,5,Personal,A,6000,7.14,0,0.13,15,N
24,75000,Mortgage,8,Debtconsolidation,B,15000,12.21,0,0.2,3,N
26,58000,Rent,0,Homeimprovement,B,20000,10.25,1,0.34,4,N
29,100000,Rent,4,Venture,A,10000,9.63,0,0.1,9,N
27,30000,Rent,6,Venture,B,11500,10.36,1,0.38,7,N
39,37200,Rent,1,Education,C,5000,15.62,1,0.13,15,N
24,37000,Rent,8,Medical,A,6000,6.76,0,0.16,4,N
24,125375,Rent,0,Medical,C,12000,14.27,1,0.08,2,N
24,43000,Rent,4,Medical,B,10000,9.63,0,0.23,3,N
27,38400,Mortgage,3,Debtconsolidation,C,15000,12.68,0,0.39,5,N
24,90000,Rent,3,Homeimprovement,B,15000,11.86,0,0.17,2,N
23,57996,Mortgage,5,Education,A,8800,7.51,0,0.15,2,N
27,50000,Rent,3,Venture,D,15000,16.77,0,0.3,5,N
26,30000,Rent,8,Education,A,9000,5.99,1,0.3,2,N
24,44000,Mortgage,2,Debtconsolidation,D,25000,15.58,1,0.57,3,Y
26,59500,Mortgage,9,Venture,A,12000,6.62,0,0.2,3,N
30,148000,Rent,8,Venture,D,10000,13.55,0,0.07,9,N
25,66420,Mortgage,1,Medical,B,4000,12.18,0,0.06,3,N
38,46150,Mortgage,6,Venture,A,6500,6.03,0,0.14,15,N
22,30000,Own,0,Education,B,2500,12.53,0,0.08,2,N
32,30000,Mortgage,16,Education,A,7000,6.99,0,0.23,6,N
30,134500,Mortgage,9,Debtconsolidation,C,24000,15.96,0,0.18,6,Y
24,85000,Mortgage,8,Personal,A,35000,NULL,0,0.41,2,N
21,35000,Mortgage,5,Education,B,1500,9.63,0,0.04,2,N
22,48000,Rent,6,Debtconsolidation,C,8000,12.99,0,0.17,3,Y
31,25000,Rent,0,Personal,A,2500,7.4,0,0.1,6,N
31,99504,Rent,5,Debtconsolidation,C,7500,13.57,0,0.08,10,N
25,55000,Rent,9,Debtconsolidation,A,3600,8.9,0,0.07,3,N
22,63000,Rent,2,Debtconsolidation,A,5000,7.74,0,0.08,3,N
21,65000,Mortgage,5,Venture,A,10000,6.03,0,0.15,3,N
38,34000,Rent,19,Medical,A,6000,7.9,0,0.18,11,N
25,98000,Mortgage,9,Education,A,2000,5.42,0,0.02,4,N
26,54000,Rent,6,Education,A,10000,7.9,0,0.19,2,N
28,60000,Own,0,Venture,B,7000,11.11,0,0.12,5,N
22,85000,Mortgage,4,Medical,A,12000,6.91,0,0.14,3,N
24,42200,Rent,5,,A,2425,11.49,0,0.03,8,
33,72000,Rent,9,Personal,B,9000,11.14,0,0.13,5,N
25,42000,Rent,0,,,20000,16.77,0,0.31,6,Y
22,73000,Mortgage,6,Venture,A,7000,7.49,0,0.1,2,N
30,232050,Mortgage,14,Medical,E,25000,17.93,1,0.09,9,Y
26,58000,Rent,0,Personal,A,3500,8.59,0,0.06,3,N
24,108000,Other,5,Education,B,10000,9.7,0,0.09,4,N
24,54996,Mortgage,8,Medical,B,19000,10.83,0,0.35,3,N
NULL,35000,Own,6,Medical,B,10000,16,1,NULL,13,Y
36,22000,Mortgage,0,Education,A,8000,6.99,0,0.36,17,N
32,45000,Mortgage,7,Education,A,4000,7.49,0,0.09,5,N
27,72000,Rent,4,Homeimprovement,B,20000,9.25,0,0.28,10,N
24,40000,Rent,6,Medical,A,5000,6.17,0,0.13,3,N
34,62900,Mortgage,11,Medical,A,18000,8.94,1,0.24,5,N
23,29000,Rent,6,Medical,D,7750,14.59,1,0.27,3,Y
23,35000,Rent,7,Personal,B,5400,10.59,0,0.15,2,N
22,24000,Own,5,Medical,B,8000,9.91,0,0.33,2,N
26,65004,Rent,3,Venture,A,8400,7.51,0,0.13,3,N
25,31800,Other,1,Homeimprovement,C,10000,12.53,1,0.31,3,N
25,72000,Mortgage,9,Debtconsolidation,A,15000,7.88,0,0.21,3,N
35,37400,Mortgage,3,Venture,D,10750,15.95,0,0.29,5,N
23,18000,Rent,2,Education,C,2000,14.79,0,0.11,3,N
23,59000,Rent,5,Debtconsolidation,A,3000,7.14,0,0.05,2,N
23,32198,Mortgage,3,Education,B,1000,10.95,0,0.03,2,N
25,70000,Rent,5,Homeimprovement,B,20000,9.99,0,0.29,2,N
29,67704,Rent,3,Personal,B,15000,11.86,0,0.22,8,N
34,55000,Rent,7,Venture,A,9000,7.74,0,0.16,6,N
22,62000,Rent,0,,C,NULL,9.63,1,0.18,3,N
28,75500,Mortgage,12,Education,D,3500,14.91,0,0.05,9,N
31,40000,Rent,1,Debtconsolidation,A,8000,7.9,0,0.2,9,N
25,27600,Rent,2,Medical,B,7000,9.76,0,0.25,4,N
32,101000,Mortgage,12,Debtconsolidation,B,8000,11.49,0,0.08,5,N
37,49500,Rent,0,Medical,A,10000,7.66,0,0.2,14,N
21,66000,Mortgage,4,Debtconsolidation,A,7000,7.88,0,0.11,2,N
22,26886,Own,6,Education,C,7500,NULL,0,0.28,4,Y
24,50000,Rent,8,Medical,B,5000,9.25,0,0.1,3,N
23,38000,Mortgage,5,Personal,A,5400,7.9,0,0.14,3,N
24,75000,Mortgage,5,Education,C,7200,NULL,0,0.1,3,Y
21,14400,Rent,2,Education,B,6000,10.25,NULL,0.09,15,
25,62500,Rent,2,Debtconsolidation,D,12000,16.77,1,0.19,4,N
36,27000,Own,4,Homeimprovement,A,6000,7.14,0,0.22,15,N
23,55000,Rent,7,Education,B,6000,10.99,0,0.11,2,N
22,60000,Mortgage,5,Education,B,8800,10.37,0,0.15,4,N
27,78000,Own,3,Medical,D,12000,15.58,0,0.15,7,N
24,80000,Mortgage,8,Homeimprovement,A,5550,8.49,0,0.07,2,N
29,56700,Mortgage,9,Education,C,10000,NULL,0,0.18,5,Y
21,90000,Rent,2,Venture,B,3300,11.71,0,0.04,4,N
22,78000,Mortgage,3,Education,E,16000,16.45,0,0.21,3,N
23,64000,Rent,7,Education,A,10000,NULL,1,0.16,4,N
23,35004,Rent,7,Venture,A,8000,NULL,0,0.23,3,N
23,78000,Rent,2,Venture,D,25000,16.32,1,0.32,3,Y
22,42996,Rent,3,Personal,C,15000,NULL,1,NULL,2,Y
21,60000,Mortgage,5,Debtconsolidation,A,10000,5.99,0,0.17,2,N
22,80000,Mortgage,0,Debtconsolidation,A,10000,8.32,0,0.13,2,N
30,66000,Mortgage,2,,B,NULL,14.27,0,0.15,7,Y
31,120000,Mortgage,6,Medical,A,28000,8.9,0,0.23,9,N
23,70000,Mortgage,3,Venture,A,15000,8.49,0,0.21,2,N
25,45000,Own,5,Venture,B,10400,10.25,0,0.23,3,N
35,29568,Mortgage,6,Personal,C,6000,13.23,0,0.2,10,Y
22,66000,Own,6,Education,A,5000,7.9,0,0.08,4,N
26,31000,Mortgage,5,Education,B,4000,10.33,0,0.13,2,N
24,40000,Rent,NULL,Personal,D,3000,17.27,1,0.07,2,Y
21,62316,Mortgage,5,Medical,A,10000,7.66,0,0.16,4,N
31,81600,Mortgage,0,Homeimprovement,C,4000,13.57,0,0.05,7,N
25,80000,Mortgage,9,Venture,A,6000,6.03,0,0.07,4,N
33,45000,Rent,2,Medical,B,8500,10.62,0,0.19,6,N
28,78000,Mortgage,4,Homeimprovement,B,24000,10.25,1,0.31,8,N
21,45000,Rent,3,Medical,B,9600,12.18,0,0.21,3,N
22,68250,Rent,4,Education,F,6000,19.13,0,0.09,3,Y
22,68000,Rent,7,Medical,B,15000,10.37,0,0.22,3,N
26,35000,Rent,0,Medical,A,6600,8.59,0,0.19,4,N
28,34000,Rent,1,Personal,D,3000,15.7,1,0.09,10,Y
29,27996,Own,5,Homeimprovement,A,1800,5.42,0,0.06,6,N
31,50402,Mortgage,4,Personal,C,3000,13.22,0,0.06,9,N
29,92000,Mortgage,8,Homeimprovement,,7000,9.99,0,NULL,3,N
21,45192,Mortgage,0,Personal,B,11700,10.74,0,0.26,2,N
23,42000,Rent,2,Medical,A,3000,6.62,0,0.07,3,N
27,118000,Rent,1,Personal,D,13425,15.99,1,0.11,10,Y
22,38272,Own,6,Medical,B,4800,9.99,0,0.13,2,N
24,51600,Rent,8,Medical,B,3000,10.65,0,0.06,3,N
30,118000,Rent,5,Homeimprovement,A,10000,7.14,0,0.08,7,N
30,85000,Mortgage,2,Education,C,25000,12.84,0,0.29,8,Y
24,28000,Own,6,Homeimprovement,B,10000,10.37,0,0.36,2,N
41,92000,Mortgage,5,Homeimprovement,B,8000,9.63,0,0.09,13,N
41,100000,Rent,3,Venture,B,12000,10.74,0,0.12,12,N
30,55000,Mortgage,1,Personal,B,6500,10.99,0,0.12,9,N
25,44400,Mortgage,9,Debtconsolidation,A,6000,6.03,0,0.14,2,N
36,54996,Rent,4,Medical,C,10000,13.47,0,0.18,13,N
24,133000,Rent,5,Education,B,17400,11.71,0,0.13,4,N
28,29000,Rent,6,Education,C,13000,14.26,1,0.45,8,Y
37,59000,Rent,2,Education,D,4800,14.54,1,0.08,14,Y
30,138000,Mortgage,3,Education,E,23975,17.93,1,0.17,7,N
29,83500,Rent,1,Homeimprovement,C,15000,13.43,0,0.18,10,Y
29,20400,Rent,2,Medical,C,2000,13.49,0,0.1,8,N
24,220000,Mortgage,1,Education,B,25000,11.58,0,0.11,2,N
36,107004,Mortgage,3,Homeimprovement,B,13000,11.83,0,0.12,15,N
32,36000,Own,0,Medical,C,4900,13.22,0,0.14,10,N
23,44000,Mortgage,7,Personal,A,10000,8.49,1,0.23,4,N
31,18000,Rent,6,Education,C,4000,12.84,1,0.22,5,N
29,29000,Rent,3,Venture,C,5000,15.23,0,0.17,7,Y
58,100000,Rent,6,Education,A,12000,8.9,0,0.12,30,N
26,75000,Rent,5,Medical,A,20000,6.91,0,0.27,4,N
28,58000,Rent,5,Homeimprovement,D,19000,14.09,1,0.33,8,N
29,40000,Rent,1,Debtconsolidation,A,3600,8.59,0,0.09,5,N
34,60000,Rent,14,Homeimprovement,C,10000,13.57,0,0.17,6,N
24,50000,Rent,4,Debtconsolidation,A,14400,NULL,0,0.29,2,N
31,67000,Rent,2,Venture,A,3000,7.51,0,0.04,10,N
24,40000,Rent,8,Medical,C,4500,12.84,0,0.11,3,N
22,73000,Mortgage,3,Medical,B,17000,11.99,0,0.23,3,N
25,61000,Rent,4,Venture,A,9500,7.51,0,0.16,2,N
22,32000,Rent,2,Venture,C,10000,13.22,1,0.31,3,N
23,40000,Rent,0,Venture,A,15000,8.94,1,0.38,4,N
26,22584,Rent,NULL,Personal,A,1800,8.49,0,0.08,2,N
21,24996,Own,3,Education,D,7000,15.58,0,0.28,2,N
33,70000,Rent,18,Education,B,18000,11.89,0,0.26,9,N
32,202300,Mortgage,9,Medical,D,25000,14.59,1,0.11,7,N
26,147996,Mortgage,10,Debtconsolidation,A,7500,8,0,0.05,3,N
24,32000,Rent,2,Education,B,2000,10.59,1,0.06,3,N
22,28000,Rent,0,Education,C,6975,12.29,0,0.25,4,N
34,91000,Mortgage,19,Venture,B,15000,NULL,0,0.16,10,N
21,36500,Rent,2,Venture,A,5500,7.51,0,0.15,2,N
24,79631,Rent,NULL,Personal,D,13600,12.42,NULL,0.17,9,N
23,75000,Mortgage,4,Medical,C,16800,13.47,0,0.22,4,N
27,39000,Rent,0,Education,C,8000,11.03,0,0.21,9,N
24,110000,Own,8,Venture,C,16000,12.73,0,0.15,4,N
32,39500,Rent,12,Debtconsolidation,C,20000,13.11,1,0.51,5,N
29,153000,Own,13,Venture,B,3000,10.74,0,0.02,8,N
21,30000,Rent,5,Education,C,2000,13.43,0,0.07,4,N
35,52500,Rent,3,Homeimprovement,B,12000,10.36,0,0.23,8,N
23,56000,Rent,7,Venture,C,4000,15.23,0,0.07,4,Y
24,86400,Rent,5,Debtconsolidation,C,2800,14.65,0,0.03,4,Y
NULL,41160,Rent,2,Debtconsolidation,A,NULL,12.99,0,0.29,3,N
28,225000,Mortgage,11,Education,E,9000,16.95,1,0.04,8,Y
23,68000,Rent,1,Venture,E,14400,17.99,1,0.21,2,N
21,24996,Rent,2,Education,E,5000,16.45,1,0.2,4,N
32,58000,Rent,3,Medical,B,10000,10.96,0,0.17,10,N
50,150000,Rent,3,Debtconsolidation,A,14000,6.91,0,0.09,12,N
38,48000,Mortgage,23,Medical,D,9000,15.21,1,0.19,15,Y
25,101000,Mortgage,9,Education,B,17000,11.71,0,0.17,3,N
33,42996,Rent,2,Venture,A,8200,7.88,0,0.19,9,N
30,130500,Mortgage,1,Debtconsolidation,D,25000,15.33,1,0.19,6,N
44,66000,Mortgage,13,Personal,C,5000,13.48,0,0.08,11,Y
27,78262,Rent,4,Homeimprovement,B,11525,NULL,0,0.15,8,N
28,50004,Rent,9,Homeimprovement,C,8000,15.23,0,0.16,9,Y
28,225000,Mortgage,12,Personal,A,20000,7.88,0,0.09,9,N
37,85000,Rent,3,Education,C,10000,14.27,0,0.12,14,N
22,76296,Mortgage,6,Venture,A,9000,NULL,1,0.11,8,N
29,25000,Mortgage,5,Debtconsolidation,A,7475,8.49,0,0.3,6,N
21,19800,Own,4,Homeimprovement,D,6800,14.59,1,0.34,2,N
31,31600,Mortgage,4,Medical,B,7500,11.36,0,0.24,10,N
25,90000,Mortgage,7,Debtconsolidation,A,6000,7.14,0,0.07,3,N
22,70000,Rent,6,Education,D,29100,15.99,1,0.42,3,N
23,46744,Rent,4,Education,D,8800,14.96,0,0.19,3,Y
27,38004,Mortgage,0,Debtconsolidation,D,12000,16.77,1,0.32,6,N
NULL,27600,Rent,NULL,Homeimprovement,B,15000,10.99,NULL,0.21,4,N
24,65000,Mortgage,7,Venture,D,14000,15.31,0,0.22,4,Y
28,120000,Mortgage,12,Education,A,10000,5.42,0,0.08,6,N
24,48000,Mortgage,4,Education,A,5000,5.99,0,0.1,2,N
28,62496,Rent,4,Education,A,12000,6.91,0,0.19,5,N
25,89016,Mortgage,9,Medical,A,4500,NULL,0,0.05,3,N
47,70000,Rent,2,Education,C,9000,12.87,0,0.13,14,N
21,50000,Rent,5,Debtconsolidation,A,8075,6.17,0,0.16,2,N
31,88000,Mortgage,11,Venture,D,14000,17.58,0,0.16,7,N
30,24000,Rent,5,Medical,C,5500,13.23,0,0.23,8,Y
25,72500,Rent,2,Homeimprovement,B,9000,10.59,0,0.12,2,N
22,30000,Own,6,Venture,A,6000,7.49,0,0.2,3,N
29,83000,Mortgage,13,Debtconsolidation,A,7500,8.9,0,0.09,6,N
25,50950,Rent,5,Homeimprovement,B,20000,11.48,1,0.39,3,N
26,46800,Rent,0,Education,B,12500,11.86,0,0.27,3,N
35,140000,Mortgage,3,Medical,B,25000,12.21,0,0.18,10,N
31,35000,Mortgage,0,Medical,C,15000,13.92,0,0.43,8,Y
29,46000,Mortgage,13,Homeimprovement,B,4800,11.86,1,0.1,9,N
47,64200,Rent,1,Education,B,10000,NULL,0,0.16,14,N
39,90000,Mortgage,15,Venture,A,10500,7.66,0,0.12,12,N
25,36480,Rent,4,Debtconsolidation,A,5000,6.54,0,0.14,2,N
30,14800,Rent,5,Debtconsolidation,A,1200,8,0,0.08,9,N
30,20800,Rent,0,Medical,A,7250,8,1,0.35,10,N
23,32004,Own,0,Education,E,9250,17.19,0,0.29,4,N
41,52000,Mortgage,25,Debtconsolidation,A,1500,8.32,0,0.03,14,N
33,75000,Mortgage,6,Personal,A,12000,5.42,0,0.16,10,N
39,56100,Mortgage,23,Medical,D,8000,16.07,1,0.12,14,N
23,30000,Rent,4,Medical,B,8000,12.18,0,0.27,2,N
30,70000,Rent,6,Personal,B,5000,11.71,0,0.07,5,N
39,134000,Mortgage,NULL,Venture,B,25000,10.25,0,0.19,17,N
25,28000,Rent,8,Education,B,2400,11.49,0,0.09,3,N
22,78000,Mortgage,3,Education,A,12000,6.54,0,0.15,3,N
35,83004,Mortgage,6,Homeimprovement,A,15000,NULL,0,0.18,7,N
25,84000,Mortgage,4,Debtconsolidation,A,15000,7.88,0,0.18,4,N
NULL,45000,,3,Education,B,16000,11.71,1,0.38,3,N
22,24000,Mortgage,2,Education,D,3975,13.87,0,0.17,3,N
40,23004,Own,2,Medical,A,7750,7.88,0,0.34,16,N
25,49000,Rent,1,Personal,D,12000,13.49,1,0.24,4,N
27,16800,Rent,3,Debtconsolidation,B,6500,11.99,1,0.39,8,N
32,29000,Own,0,Personal,A,2000,8.49,0,0.07,8,N
27,65000,Mortgage,7,Homeimprovement,C,4500,13.92,0,0.07,7,N
22,66396,Mortgage,6,Education,C,15000,13.48,0,0.23,2,N
23,60000,Mortgage,6,Debtconsolidation,C,7000,12.99,0,0.12,4,N
25,45000,Rent,2,Debtconsolidation,B,11000,9.25,0,0.24,2,N
52,54000,Rent,0,Personal,A,1500,8.49,1,0.03,24,N
24,115000,Mortgage,3,Venture,A,15000,6.03,0,0.13,2,N
27,48000,Rent,4,Debtconsolidation,B,4200,10.74,0,0.09,5,N
24,86400,Mortgage,2,Debtconsolidation,A,12200,7.29,0,0.14,3,N
25,45000,Rent,0,Personal,C,14500,13.16,1,0.32,2,N
23,61000,Rent,3,Debtconsolidation,A,2500,7.49,0,0.04,3,N
32,202000,Mortgage,7,Personal,B,28000,10.59,0,0.14,7,N
25,42000,Rent,5,Medical,B,6000,12.42,0,0.14,2,N
NULL,113000,,7,Education,A,3600,9.99,0,0.1,4,N
22,34404,Rent,2,Homeimprovement,D,7500,15.05,1,0.22,2,N
26,65000,Rent,4,Personal,A,8000,6.92,0,0.12,4,N
24,62000,Rent,4,Education,C,2000,13.49,0,0.03,3,N
28,62040,Rent,0,Personal,C,13400,13.06,0,0.22,6,Y
33,52000,Mortgage,1,Education,C,12000,13.85,0,0.23,5,N
24,50000,Mortgage,7,Personal,D,9000,NULL,0,0.18,3,Y
22,33000,Rent,4,Medical,A,6500,6.17,0,0.2,4,N
24,54000,Mortgage,8,Personal,D,1500,14.42,1,0.03,4,Y
26,200000,Mortgage,4,Medical,C,15000,14.79,0,0.07,4,N
25,51300,Rent,9,Debtconsolidation,A,3600,7.49,0,0.07,3,N
29,48000,Mortgage,8,Medical,A,4500,5.42,0,0.09,7,N
26,84000,Rent,0,Homeimprovement,C,8000,12.61,1,0.1,4,N
21,53000,Mortgage,5,Venture,C,18000,13.8,0,0.34,3,Y
28,52000,Mortgage,10,Debtconsolidation,A,13600,7.88,0,0.26,5,N
22,42996,Mortgage,7,Homeimprovement,C,12000,13.79,1,0.28,4,N
22,30000,Rent,4,Debtconsolidation,E,13250,16.4,1,0.44,3,Y
24,42000,Rent,9,Debtconsolidation,E,3000,NULL,1,0.07,3,Y
26,40224,Mortgage,0,Personal,A,7000,7.4,0,0.17,2,N
25,19000,Own,3,Debtconsolidation,A,4000,7.4,1,0.21,3,N
24,60000,Mortgage,7,Medical,A,20000,7.9,0,0.33,4,N
28,54000,Mortgage,1,Venture,B,6250,9.99,0,0.12,6,N
25,34800,Mortgage,NULL,Debtconsolidation,A,9450,5.99,0,0.27,4,N
40,81120,Mortgage,1,Education,B,24000,9.25,0,0.3,15,N
22,21600,Own,5,Personal,A,5000,7.9,0,0.23,3,N
36,33600,Rent,3,Education,B,12000,11.36,1,0.36,16,N
32,70000,,7,Debtconsolidation,,7000,11.71,0,0.08,9,N
25,27500,Rent,4,Medical,B,2200,12.53,0,0.08,4,N
25,33600,Rent,2,Medical,C,10000,11.03,0,0.3,4,Y
32,NULL,Rent,0,Medical,,25000,10.25,0,0.17,2,N
24,53000,Mortgage,8,Venture,A,6850,6.92,0,0.13,2,N
34,70000,Mortgage,13,Debtconsolidation,A,20000,6.54,0,0.29,6,N
25,128500,Mortgage,1,Homeimprovement,C,15000,12.53,0,0.12,3,Y
26,300000,Mortgage,0,Education,D,25000,15.33,0,0.08,3,N
22,39000,Rent,6,Homeimprovement,C,6000,13.22,1,0.15,2,Y
27,22896,Own,1,Medical,B,5000,11.48,0,0.22,8,N
25,27048,Other,9,Medical,D,8000,15.05,1,0.3,2,Y
22,24960,Rent,0,Education,A,2500,7.51,0,0.1,4,N
26,32500,Mortgage,0,Homeimprovement,A,3500,8.59,0,0.11,2,N
31,60000,Mortgage,7,Venture,B,7000,NULL,0,0.12,7,N
24,39000,Rent,0,Medical,D,3000,14.61,1,0.08,4,Y
22,56400,Rent,2,Education,A,9500,8.9,0,0.17,2,N
26,38004,Mortgage,3,Venture,C,10000,13.35,0,0.26,2,N
21,83000,Mortgage,3,Venture,A,14000,8.49,0,0.17,2,N
25,31000,Rent,1,Homeimprovement,B,3000,NULL,1,0.1,4,N
22,60000,Rent,0,Education,A,6025,NULL,0,0.1,4,N
29,33000,Mortgage,5,Venture,B,4200,11.36,0,0.13,9,N
28,93600,Rent,1,Homeimprovement,B,5600,11.99,0,0.06,10,N
28,62000,Rent,4,Personal,C,7200,12.99,0,0.12,9,Y
31,46000,Mortgage,5,Education,C,8000,13.49,1,0.17,5,Y
28,48000,Rent,2,Venture,B,4600,11.86,0,0.1,8,N
26,62004,Rent,5,Medical,A,19000,7.49,1,0.31,2,N
27,93000,Mortgage,5,Debtconsolidation,C,16000,13.57,0,0.17,10,Y
21,41900,Rent,2,Venture,C,16000,12.84,1,0.38,2,Y
33,22800,Rent,NULL,Medical,A,2500,10.99,0,0.04,3,
47,168000,Mortgage,13,Education,A,8775,8.49,0,0.05,12,N
29,84996,Mortgage,13,Debtconsolidation,A,6000,7.68,0,0.07,8,N
25,127000,Mortgage,9,Personal,B,6000,9.91,0,0.05,2,N
40,110000,Rent,6,Homeimprovement,B,13000,9.91,0,0.12,17,N
24,43000,Rent,3,Medical,A,11400,NULL,0,0.27,2,N
24,24000,Rent,0,Venture,B,4000,12.21,0,0.17,2,N
38,17108,Mortgage,7,Education,A,4375,7.51,1,0.26,13,N
22,49000,Mortgage,6,Education,A,10000,8,1,0.2,2,N
26,75000,Rent,1,Homeimprovement,B,10000,11.14,0,0.13,3,N
23,100000,Rent,4,Venture,B,4150,10.65,0,0.04,2,N
33,53000,Rent,6,Debtconsolidation,B,2500,9.99,0,0.05,7,N
24,85000,Mortgage,3,Homeimprovement,A,NULL,NULL,0,0.1,2,N
24,48600,Mortgage,1,Education,D,8000,NULL,1,0.16,4,N
32,200000,Rent,14,Venture,B,25000,10.62,0,0.13,9,N
24,100000,Mortgage,1,Debtconsolidation,A,6000,NULL,0,0.06,3,N
33,24000,Rent,NULL,Debtconsolidation,D,1000,14.91,1,0.04,10,Y
38,34296,Own,1,Medical,C,12000,NULL,0,0.35,12,Y
24,48000,Mortgage,4,Medical,A,4000,5.42,0,0.08,4,N
28,90000,Mortgage,5,Venture,B,25000,11.86,0,0.28,6,N
27,31200,Mortgage,3,Personal,B,3600,11.48,0,0.12,7,N
22,97000,Mortgage,4,Debtconsolidation,B,14000,11.48,1,0.14,2,N
29,105000,Mortgage,11,Homeimprovement,D,15000,14.42,0,0.14,5,Y
33,125000,Rent,0,Personal,A,9100,7.88,0,0.07,8,N
33,95000,Mortgage,1,Education,D,24000,12.92,0,0.25,5,Y
27,18000,Rent,3,Education,B,8000,10.75,1,0.44,10,N
33,51000,Mortgage,2,Education,A,1200,9.63,1,0.02,7,N
25,22800,Rent,NULL,Medical,B,6000,NULL,0,0.26,3,N
23,75000,Rent,2,Medical,A,8000,7.9,0,0.11,4,N
41,53000,Mortgage,20,Venture,C,11000,NULL,0,0.21,14,Y
37,51000,Mortgage,3,Debtconsolidation,C,12800,12.84,0,0.25,12,N
